{
  "Users": [
    {
      "id": "1",
      "name": "Admin",
      "email": "ranveerwalia76@gmail.com",
      "password": "admin"
    },
    {
      "id": "2",
      "name": "Rohit2003",
      "email": "rohitchuahan2003@gmail.com",
      "password": "123456"
    }
  ],
  "Resume": [
    {
      "id": "1",
      "user_id": "1",
      "fullName": "Prianshu Kumar",
      "email": "prianshu681.be22@chitkara.edu.in",
      "phone": "07717456464",
      "dob": "",
      "address": "fs",
      "education": "",
      "skills": "",
      "experience": "",
      "resume_type": "1",
      "created_on": "5/3/2024"
    },
    {
      "id": "2",
      "user_id": "1",
      "fullName": "Rajat Saini",
      "email": "rajat706.be22@chitkara.edu.in",
      "phone": "07888957468",
      "dob": "2024-05-21",
      "address": "#1374/73 Kaharan Street, Street no. 3, Ragho Majra, Patiala",
      "education": "Class 10th: 55%,\nClass 12th: 45%",
      "skills": "PUBG Mobile, Call Of Duty, Other Games",
      "experience": "PLaying Games For Continous Five Star",
      "resume_type": "1",
      "created_on": "5/21/2024"
    }
  ]
}